Time (min), Depth (µm), Load (N), Position (µm), Acoustic (aJ)
8.87833333333333E-06, 217.854621994403, -0.000748566792100779, 0,107.265769958496
0.000665306666666667, 217.854103118179, -0.000750419199057614, 0.00125,107.265769958496
0.00133136833333333, 217.853698909626, -0.00080288806359846, 0.00374999999999998,106.988731384277
0.00199771666666667, 217.852431429944, -0.00100198506319343, 0.01125,105.774353027344
0.00266714666666667, 217.85059887086, -0.000866984344153753, 0.02,100.420799255371
0.00333240166666667, 217.847930034336, -0.000903113029461221, 0.02875,109.802452087402
0.00399758166666667, 217.84582547365, -0.000914297967670438, 0.03625,109.802452087402
0.00466431166666667, 217.843548533909, -0.00126231348720213, 0.0425,113.674011230469
0.00533090333333333, 217.841733861362, -0.00146063052591612, 0.05,105.959716796875
0.00599758, 217.841133604761, -0.00168024649485458, 0.05625,108.714149475098
0.006664445, 217.841177504972, -0.00165208990913195, 0.0625,109.994995117188
0.00733100833333333, 217.841324901822, -0.00166088546732044, 0.07,109.994995117188
0.00799780166666667, 217.84173477804, -0.00155892508868931, 0.0775,109.142921447754
0.00866423166666667, 217.843002404287, -0.00161129495821954, 0.08375,104.613418579102
0.00933081, 217.842594778805, -0.0013858832804092, 0.09125,103.58154296875
0.00999786333333333, 217.842321349192, -0.00116271398998555, 0.09625,103.58154296875
0.01066419, 217.842354854362, -0.0010789026997582, 0.10375,130.90852355957
0.011330835, 217.843098323095, -0.000912513057333004, 0.11,106.705223083496
0.0119977366666667, 217.843424320481, -0.000617588871054531, 0.11625,105.071723937988
0.0126644533333333, 217.846047703017, -0.000353926114566044, 0.12375,106.392776489258
0.0133311083333333, 217.84957164237, -0.000246904990126908, 0.13,105.716003417969
0.0139977183333333, 217.853255559984, -0.000402256686976916, 0.13625,105.716003417969
0.014664165, 217.857840946479, -0.000753176060663409, 0.1425,112.728950500488
0.0153307816666667, 217.862753713571, -0.000658398821232222, 0.15125,108.124313354492
0.0159979583333333, 217.867847740576, -0.000957170314242674, 0.1575,104.980697631836
0.0166642733333333, 217.873165724733, -0.00121430239877416, 0.16625,104.980697631836
0.017498175, 217.881598347749, -0.0010370008044449, 0.17125,112.246643066406
0.0181646616666667, 217.886961927752, -0.00128669176271533, 0.1775,112.246643066406
0.01883087, 217.892535980758, -0.00154636471961102, 0.18375,99.4221038818359
0.019497415, 217.89820152548, -0.00144174647446973, 0.19125,111.512756347656
0.0201643783333333, 217.903334082309, -0.00142643674349268, 0.19875,105.164848327637
0.0208308183333333, 217.908434949809, -0.00126636628366237, 0.205,105.468055725098
0.0214977633333333, 217.914152502662, -0.00122529684656291, 0.21125,105.468055725098
0.0221641433333333, 217.919650200062, -0.00110195504190764, 0.2175,109.379371643066
0.0228308416666667, 217.924847662163, -0.00100956718243342, 0.22375,105.832664489746
0.0234978983333333, 217.930723811298, -0.000937416306514875, 0.23125,111.939384460449
0.02416753, 217.936654581803, -0.000928166271104673, 0.2375,109.052032470703
0.0248307516666667, 217.942051206644, -0.000663144582851786, 0.24375,109.052032470703
0.0254977533333333, 217.947813189337, -0.000936870333883311, 0.25125,109.759292602539
0.026164315, 217.95395899565, -0.000798193299493623, 0.25875,105.875434875488
0.0268310383333333, 217.960281112632, -0.00112478389517222, 0.265,127.025611877441
0.0274976483333333, 217.96638891936, -0.00104610984689744, 0.27,106.395446777344
0.028164345, 217.972777539374, -0.00137377888843452, 0.27625,106.395446777344
0.0288308966666667, 217.978701695244, -0.000749205760045346, 0.285,108.041130065918
0.0294975566666667, 217.985090437892, -0.00090993018702175, 0.29125,106.689041137695
0.0301643366666667, 217.990444185543, -0.000659999240761785, 0.2975,110.660774230957
0.0308314933333333, 217.996885028297, -0.000725287961366447, 0.30625,107.534873962402
0.0314981633333333, 218.002917842238, -0.000465406514914942, 0.31125,107.534873962402
0.0321642833333333, 218.008957697237, -0.000656784902212997, 0.31625,103.117431640625
0.03283083, 218.014748757745, -0.000567776373035683, 0.3225,108.969062805176
0.0334978283333333, 218.021029932315, -0.000677494362019466, 0.33,111.08984375
0.0341656366666667, 218.026333098347, -0.000641866651547703, 0.33875,106.56175994873
0.0348313516666667, 218.033168743733, -0.000863389024700267, 0.3425,106.56175994873
0.0354978816666667, 218.039310172972, -0.00113816922277857, 0.35,106.996856689453
0.0361657966666667, 218.04623306774, -0.000992564036401259, 0.35625,111.544700622559
0.0368315416666667, 218.052331710194, -0.00100633784457683, 0.3625,111.097999572754
0.0374981016666667, 218.059085450805, -0.00106489940312767, 0.37,109.755729675293
0.038165465, 218.064681577665, -0.000762228105988619, 0.37625,109.755729675293
0.038831355, 218.071346665338, -0.000728680791025494, 0.3825,110.870742797852
0.0394979383333333, 218.077836823919, -0.000900917139773532, 0.39,107.557571411133
0.0401642433333333, 218.08520853291, -0.000805400437484015, 0.39625,104.315399169922
0.0408309016666667, 218.091728362656, -0.000643077090774927, 0.4025,106.971817016602
0.041497705, 218.098608929217, -0.000760048715426857, 0.40875,106.971817016602
0.0421642966666667, 218.104807627714, -0.00053681942796332, 0.41625,109.36580657959
0.04283229, 218.111250221503, -0.000562286648763324, 0.4225,103.199111938477
0.04349892, 218.117366046239, -0.000611866658393397, 0.43,129.725143432617
0.04416449, 218.124222613, -0.000755299953894725, 0.435,110.034820556641
0.0448307666666667, 218.130673587602, -0.000807915811048344, 0.4425,110.034820556641
0.0454980916666667, 218.137673152256, -0.0010074162903503, 0.45,110.953437805176
0.0461642616666667, 218.143325398754, -0.000832909055673157, 0.455,103.692428588867
0.046830865, 218.149425758795, -0.000423962096629657, 0.4625,110.022804260254
0.047498225, 218.154486457103, -0.000188370430172821, 0.46875,103.980224609375
0.0481647766666667, 218.161019215143, -5.76984937048366E-05, 0.47625,103.980224609375
0.0488308333333333, 218.167310014682, 0.000330134025858298, 0.4825,108.489791870117
0.0494988816666667, 218.174651819245, 0.000300937992354172, 0.48875,106.502395629883
0.050164785, 218.181693529126, 0.000192217453247333, 0.49625,108.995742797852
0.05083146, 218.189796486585, 0.000106658750771372, 0.5025,108.564743041992
0.0514982616666667, 218.196570127129, -6.41006988189587E-06, 0.5075,108.564743041992
0.0521650233333333, 218.203438313575, -0.000273653146537328, 0.515,111.039207458496
0.0528307233333333, 218.209896034892, -0.000518106367877652, 0.5225,107.405975341797
0.0534976483333333, 218.217004790997, -0.000536025967783964, 0.52875,108.867744445801
0.0541642433333333, 218.223311313871, -0.000423188135467543, 0.535,107.812683105469
0.0548309233333333, 218.229860367633, -0.000270999779757866, 0.54125,107.812683105469
0.0554976466666667, 218.236963177413, -0.000406198488861284, 0.54875,105.584701538086
0.056164335, 218.243445672187, 1.20390034875443E-05, 0.555,112.712379455566
0.0568322883333333, 218.24988567538, 9.99210892679792E-05, 0.56125,102.73722076416
0.057497655, 218.256916202563, 3.41778914628593E-05, 0.5675,103.657913208008
0.05816485, 218.263780073999, 0.000122206969877322, 0.575,103.657913208008
0.05883082, 218.27017789683, 0.000382469397169762, 0.58125,104.41722869873
0.059498985, 218.2774374946, -4.29827328339822E-05, 0.5875,109.964866638184
0.0601643916666667, 218.284091429529, -0.000341242751537907, 0.59375,123.915222167969
0.0608308166666667, 218.29039048109, -0.000442933143733939, 0.60125,109.635078430176
0.0614976866666667, 218.297013576291, -0.000355376541612773, 0.6075,109.635078430176
0.0621652316666667, 218.304052022019, -0.000339630332549356, 0.61375,109.480667114258
0.06283076, 218.310030176951, 9.95011103287965E-05, 0.62125,104.289527893066
0.0634981616666667, 218.316476840269, 0.000276669211343657, 0.6275,106.781044006348
0.0641652033333333, 218.323714354676, 0.000240095048424659, 0.63375,109.443313598633
0.0648307633333333, 218.330099030524, -0.000219276377857981, 0.64125,109.443313598633
0.06549826, 218.336512030502, -0.00012117080558085, 0.6475,105.214401245117
0.0661644216666667, 218.342993395726, -0.000248494910228156, 0.6525,111.557609558105
0.06683079, 218.349654746262, -0.000278728891568116, 0.66,107.67650604248
0.06749764, 218.355617288494, -0.000271917733641439, 0.66625,109.039253234863
0.0681644083333333, 218.362177819332, 1.79052088701365E-05, 0.6725,109.039253234863
0.0688308633333333, 218.368731473046, -0.000177156993357434, 0.68,106.833869934082
0.0694975683333333, 218.37572674842, -0.000195628565529161, 0.68625,107.119300842285
0.0701646016666667, 218.382286107172, -0.000573210599977595, 0.6925,107.188468933105
0.07083074, 218.388876717061, -0.000564865019195098, 0.69875,107.522094726563
0.071498045, 218.395344768846, -0.000595941958240976, 0.70625,107.522094726563
0.072164425, 218.401866699965, -0.000788415290502187, 0.7125,109.070915222168
0.07283136, 218.408080118839, -0.000764426995418844, 0.71875,114.4853515625
0.0734982933333333, 218.414279698558, -0.000291722738905219, 0.725,104.941673278809
0.0741642816666667, 218.420536055899, -0.000580734222165853, 0.7325,114.769874572754
0.074830905, 218.426993675259, -0.000550437243958448, 0.74,114.769874572754
0.0754977033333333, 218.432649536874, -0.00027724396619635, 0.745,105.715187072754
0.0761648333333333, 218.439011951636, -0.000309517845107314, 0.75125,129.551788330078
0.0768315233333333, 218.444361965579, -0.000217818451061711, 0.75875,103.620719909668
0.0774978583333333, 218.450386085976, 0.000208050657968647, 0.765,116.657012939453
0.078164505, 218.456183736776, 0.000345964230709552, 0.77125,116.657012939453
0.078831295, 218.462343311435, 0.000300525513058259, 0.7775,106.105346679688
0.079497665, 218.468017601818, 0.000471267936845604, 0.785,107.514373779297
0.0801644866666667, 218.474549355186, 0.000724918696220763, 0.79125,108.533630371094
0.08083086, 218.480522527661, 0.000810202912488419, 0.7975,104.836860656738
0.0814974483333333, 218.486274965897, 0.00076415372549873, 0.80375,104.836860656738
0.08216411, 218.491789278578, 0.000880445884289714, 0.81,108.044578552246
0.08283135, 218.497643619646, 0.000727315575842251, 0.8175,103.409172058105
0.0834980483333333, 218.503283086207, 0.000250177541942432, 0.82375,107.824104309082
0.0841642216666667, 218.508433410891, 0.000174725331859712, 0.83,101.580383300781
0.0848310916666667, 218.513832199209, -0.000162513228985461, 0.83625,101.580383300781
0.0854977183333333, 218.519103189816, -0.00038203770249282, 0.84375,102.49633026123
0.0861642883333333, 218.524551734334, -0.000156603525795174, 0.85,107.82430267334
0.0868308966666667, 218.529970925472, 4.63302810609558E-05, 0.8575,105.71556854248
0.0874978416666667, 218.535901392113, 5.65702666835789E-05, 0.86375,103.468971252441
0.0881646416666667, 218.541729611655, 0.000507888597421103, 0.87125,103.468971252441
0.088830765, 218.548047408408, 0.000515196230346513, 0.8775,107.555358886719
0.0894977, 218.553634621662, 0.000318217124391513, 0.8825,107.812545776367
0.090164435, 218.55935976367, 0.000433994808984655, 0.89125,107.988105773926
0.0908308066666667, 218.564891380697, 0.000150960525512454, 0.8975,110.875946044922
0.0914983283333333, 218.571118578419, 4.94696233258187E-05, 0.90375,110.875946044922
0.0921643216666667, 218.576459536173, 0.000154338355906214, 0.91,106.085029602051
0.09283223, 218.583246325565, 4.62822834375433E-05, 0.91625,129.594207763672
0.093497785, 218.590048123411, -0.000291799235092293, 0.92375,107.944343566895
0.0941642316666667, 218.596907821614, -0.000311676236684922, 0.93,105.229667663574
0.0948315233333333, 218.603197439664, -0.000549619785052402, 0.93625,105.229667663574
0.0954980516666667, 218.610660308985, -0.000752241607568892, 0.94375,112.771873474121
0.0961647816666667, 218.616545458279, -0.000654548514587674, 0.95,103.769309997559
0.0968313116666667, 218.623091991843, -0.000553030613676763, 0.95625,105.231674194336
0.0974976966666667, 218.629364082028, -0.00022795344199736, 0.9625,107.373794555664
0.0981643283333333, 218.636296818758, 2.59397779864769E-06, 0.97,107.373794555664
0.0988309333333333, 218.642264708937, 0.00014207047204405, 0.97625,107.906623840332
0.09949919, 218.648950987378, 0.000226982706953428, 0.9825,103.075347900391
0.100165525, 218.655190396179, 0.0004367861687242, 0.99,108.240692138672
0.100830843333333, 218.661386224844, 0.000266793707266009, 0.99625,106.130332946777
0.101497681666667, 218.667262083934, 0.000109244620825163, 1.0025,106.130332946777
0.102164896666667, 218.6741425086, 0.000211362491561139, 1.00875,102.993759155273
0.102831365, 218.680901318846, 0.000328472109300677, 1.01625,108.568305969238
0.103497658333333, 218.68707791839, 0.000259771060083488, 1.0225,111.317436218262
0.104165601666667, 218.694105961673, 0.000485137740161734, 1.02875,108.68627166748
0.104830766666667, 218.700742796192, 0.000893153245980778, 1.03625,108.68627166748
0.105498336666667, 218.70737041322, 0.000732554812675502, 1.04125,109.171699523926
0.106164765, 218.713630288578, 0.000577504600673057, 1.04875,104.67391204834
0.106832288333333, 218.720721204964, 0.000557960582382969, 1.055,106.584884643555
0.10749762, 218.726951317974, 0.000319085580833541, 1.0625,111.934761047363
0.108164758333333, 218.733286184858, 0.000203036409859647, 1.07,111.934761047363
0.10883225, 218.739667137203, 0.000385367251563192, 1.075,108.139114379883
0.109498078333333, 218.745557313348, 0.000548599552566925, 1.08125,126.562103271484
0.110164363333333, 218.751483024375, 0.000863678226495138, 1.09,104.443000793457
0.11083076, 218.757226114817, 0.00140578849686552, 1.09375,102.790504455566
0.111498098333333, 218.763410449693, 0.00143604797698409, 1.10125,102.790504455566
0.112165533333333, 218.768915581388, 0.00109475661972119, 1.10875,108.677627563477
0.11283133, 218.775125523292, 0.000909581920860219, 1.115,108.474647521973
0.11349804, 218.780794470642, 0.000460624471515996, 1.1225,103.016510009766
0.114164918333333, 218.787183103054, -3.86014528869185E-05, 1.13,108.604545593262
0.114830706666667, 218.793042112572, -7.6180565347386E-05, 1.135,108.604545593262
0.115497688333333, 218.799460162066, 0.000131968479551543, 1.14125,112.757530212402
0.116165605, 218.805533858155, 0.000241492978266053, 1.1475,105.178810119629
0.116830791666667, 218.811909350601, 0.000336195221477076, 1.15625,107.112434387207
0.117497616666667, 218.818385871481, 0.000716346626895882, 1.16125,107.868759155273
0.11816468, 218.825056633342, 0.000269040594617204, 1.1675,107.868759155273
0.118831406666667, 218.831042352039, 0.000286733705917369, 1.17375,104.549949645996
0.119499365, 218.83758664765, 9.37054015419363E-05, 1.18125,105.469749450684
0.120164475, 218.843900791564, 5.3097941222447E-05, 1.1875,106.615142822266
0.120831428333333, 218.850264677723, -0.0002657365440704, 1.19375,102.686195373535
0.121498918333333, 218.856011545877, 0.000257963650986276, 1.20125,102.686195373535
0.12216423, 218.86232758922, 0.000170731032599976, 1.2075,106.921234130859
0.12283231, 218.868548152679, 0.000136645244669811, 1.215,113.207458496094
0.123497645, 218.874162630222, 0.000285395773094614, 1.22125,111.069496154785
0.124165533333333, 218.879533344588, 0.000340080026382899, 1.2275,109.839218139648
0.124830865, 218.885170409373, 6.24994689761244E-05, 1.23375,109.839218139648
0.125498856666667, 218.890731521028, 0.000138590646982156, 1.24125,104.860733032227
0.126164826666667, 218.896251550266, 3.34774266815215E-05, 1.2475,133.577880859375
0.126830753333333, 218.902463327589, 6.17270077596679E-05, 1.255,106.558662414551
0.12749751, 218.908278566471, -2.50436338891743E-05, 1.26,110.139442443848
0.128164363333333, 218.91456041691, 0.00010139701511458, 1.26625,110.139442443848
0.128832253333333, 218.920289657752, 1.83476865903516E-05, 1.275,102.026969909668
0.129498008333333, 218.926395756533, 0.000317716149683333, 1.28125,111.515739440918
0.13016448, 218.931557465741, 0.000342811389146314, 1.2875,105.676330566406
0.13083232, 218.937468706129, 0.000308559109607387, 1.29375,110.656814575195
0.13149759, 218.942887370529, 0.000166303254975158, 1.3,110.656814575195
0.132164353333333, 218.948717181513, 0.000202142454830289, 1.3075,105.053901672363
0.132831583333333, 218.953796458759, 0.00026044602629875, 1.3125,106.356971740723
0.133497571666667, 218.959999985406, -0.000131064308538796, 1.3225,102.896873474121
0.13416427, 218.964843433634, 5.31129404452255E-05, 1.3275,107.64241027832
0.134830841666667, 218.970382347675, 0.000184110360572479, 1.3325,107.64241027832
0.1354975, 218.975498314271, 0.000149354106327787, 1.33875,104.60034942627
0.13616451, 218.981506500721, -9.92959042367464E-05, 1.34625,110.135681152344
0.136830816666667, 218.98629773224, 4.75497198771078E-05, 1.3525,109.279594421387
0.13749901, 218.99227426995, -0.000261578752923184, 1.35875,112.03116607666
0.13816431, 218.99760957754, -0.000156080052029658, 1.36625,112.03116607666
0.138830761666667, 219.003754494663, -0.000196089042405977, 1.37375,101.852149963379
0.139497581666667, 219.008962250472, -0.000242960188159938, 1.38,107.495407104492
0.140164366666667, 219.01508129217, -0.000271496254820361, 1.38625,105.77645111084
0.14083077, 219.021096106296, -0.000347645929899374, 1.3925,113.11279296875
0.141497601666667, 219.026932827359, -0.000432000192866978, 1.39875,113.11279296875
0.142164301666667, 219.032353306268, -0.000397575422021676, 1.405,115.493881225586
0.142830851666667, 219.037848240624, -0.000140404339413194, 1.4125,129.901260375977
0.143498236666667, 219.043382106044, -0.000145012107987658, 1.41875,108.820274353027
0.144164953333333, 219.048169136262, -1.21412819619243E-05, 1.42625,105.900352478027
0.144831281666667, 219.054231642274, -0.000242241724243253, 1.43125,105.900352478027
0.145497588333333, 219.059977787126, -0.000120764325897535, 1.44125,108.207878112793
0.14616427, 219.065937108797, -0.00040620298861324, 1.445,110.577621459961
0.14683079, 219.071688942658, -0.00042598399504406, 1.45125,102.089500427246
0.147497975, 219.077689952659, -0.000386005003134552, 1.4575,106.937850952148
0.148164881666667, 219.082219651743, -0.000136536033697061, 1.46625,106.937850952148
0.148832238333333, 219.087638192999, 5.29689476600045E-05, 1.4725,105.313369750977
0.149498895, 219.092621353777, 7.06365602453145E-05, 1.47875,104.67554473877
0.150164318333333, 219.098110872935, 4.91771381309458E-05, 1.48625,107.095794677734
0.150831285, 219.103225200341, 0.000256763711272383, 1.4925,107.021430969238
0.151498226666667, 219.109450346119, 0.000344077325576459, 1.49625,107.021430969238
0.152164326666667, 219.114444828466, 0.000305859245235187, 1.505,103.158790588379
0.152830703333333, 219.120057399298, 0.000486739659785733, 1.51125,108.539260864258
0.153497996666667, 219.125401873257, 0.000253661867032585, 1.5175,102.269958496094
0.154164488333333, 219.131621481952, -0.000187021997836734, 1.52375,110.430114746094
0.154830885, 219.136223160583, -0.00036012980279059, 1.53125,110.430114746094
0.155497591666667, 219.141978509093, -0.000732477100221492, 1.5375,112.576171875
0.156164283333333, 219.146889395724, -0.000429783304195135, 1.54375,111.170219421387
0.156832186666667, 219.151862400384, 1.11735470218482E-05, 1.55,107.268272399902
0.157498063333333, 219.156262852755, 1.57093191824474E-05, 1.5575,109.403869628906
0.158164825, 219.162043951797, 0.00028109998885979, 1.56375,109.403869628906
0.158831311666667, 219.167170820702, 0.000300062036438907, 1.57125,127.570709228516
0.15949888, 219.172962836091, -0.000106210556947249, 1.57625,107.818153381348
0.160164433333333, 219.178136256049, -0.000202277731577778, 1.58375,104.734512329102
0.160831373333333, 219.183966440039, 6.97225802442954E-06, 1.59,99.7765502929688
0.161498543333333, 219.189678795781, -0.00023267220485014, 1.59625,99.7765502929688
0.162164498333333, 219.195886398973, -0.000166137046790067, 1.60375,105.071029663086
0.162832283333333, 219.201362827407, 9.95446082852698E-05, 1.60875,104.222412109375
0.163497633333333, 219.207599924709, 0.000191097009739354, 1.61625,108.041847229004
0.164164448333333, 219.213478305643, 0.000134497352690551, 1.62375,103.72388458252
0.16483076, 219.219209506783, -4.41601735543018E-05, 1.63,103.72388458252
0.165497676666667, 219.224320324242, -0.000278290913429824, 1.63625,109.813499450684
0.16616481, 219.229633315192, -0.000289145868185307, 1.6425,105.575584411621
0.166831301666667, 219.23448899883, -0.000464169076963443, 1.65,112.692985534668
0.167499265, 219.239609738327, -0.000225660057032172, 1.65625,108.002632141113
0.16816476, 219.244048577303, 0.000241815462161532, 1.6625,108.002632141113
0.16883081, 219.2493068887, 0.00058702762251594, 1.66875,107.823204040527
0.169497948333333, 219.254779625609, 0.000471027949026099, 1.67625,106.068359375
0.17016565, 219.260202157182, 0.000322058431617167, 1.6825,106.507965087891
0.170830821666667, 219.265455949792, 0.000166409749692805, 1.68875,108.303276062012
0.17149799, 219.27106022378, 6.91246362130356E-05, 1.69625,108.303276062012
0.172164261666667, 219.276156196524, 5.15440192856227E-05, 1.7025,111.833229064941
0.172832211666667, 219.281104554677, 5.91351379870106E-05, 1.7075,107.041450500488
0.173497578333333, 219.286352670128, -2.2300271581755E-05, 1.715,110.536804199219
0.174164791666667, 219.291720008511, -0.0003130186690896, 1.7225,108.728790283203
0.174830755, 219.297107343719, -0.000401007249502666, 1.72875,108.728790283203
0.175498998333333, 219.301717845307, -0.000434874048406193, 1.735,123.94580078125
0.17616447, 219.307275357214, -0.000369069353679286, 1.74125,106.426933288574
0.176830815, 219.31283719822, -0.000119277900452586, 1.74875,107.780120849609
0.177497936666667, 219.318188842837, -1.69365409592706E-05, 1.75625,104.262763977051
0.178164676666667, 219.324176943567, 3.4530373910166E-05, 1.76125,104.262763977051
0.178830826666667, 219.330865476696, -0.000204731608199065, 1.77,110.61238861084
0.1794976, 219.337281943252, -0.000405378029957653, 1.775,110.893402099609
0.180164096666667, 219.343135673784, -0.000366384488593626, 1.7825,107.99397277832
0.180830771666667, 219.348721026663, 0.000313823845261765, 1.78625,111.753341674805
0.181497875, 219.353843277596, 9.02555748830909E-05, 1.79375,111.753341674805
0.182164911666667, 219.358818033039, 0.000354035325538794, 1.8025,106.62971496582
0.182832205, 219.363775531688, 0.000353220866439046, 1.8075,106.58935546875
0.183497628333333, 219.369547247424, 5.68477529957392E-05, 1.81375,108.239387512207
0.184165578333333, 219.374759617849, -0.000499409806747879, 1.8225,107.569427490234
0.184831361666667, 219.380163933722, -0.000269850837282397, 1.8275,107.569427490234
0.18549841, 219.38562298174, -0.000201650762922167, 1.83375,106.679779052734
0.186164693333333, 219.391034955471, -0.000227459966571131, 1.84125,99.0415802001953
0.18683221, 219.396045406916, -0.000105234105841916, 1.84875,103.903419494629
0.18749761, 219.401648261306, -8.07868338061595E-05, 1.85375,112.402442932129
0.188164788333333, 219.406459981606, 1.7596224549336E-05, 1.86125,112.402442932129
0.188832318333333, 219.411753742286, -0.000470377265024962, 1.8675,113.587608337402
0.189498201666667, 219.416409480256, -0.000302441200263703, 1.87375,106.01197052002
0.190164531666667, 219.421126380959, -0.000179639368521129, 1.88125,103.698760986328
0.19083078, 219.42593627275, -0.000343197153184131, 1.88875,109.199371337891
0.191498076666667, 219.431134573089, -0.00060207814988863, 1.89375,109.199371337891
0.1921643, 219.436411511429, -0.000499514801541124, 1.9,125.144859313965
0.192830736666667, 219.441258806665, -0.000687296369461289, 1.9075,103.881622314453
0.19349806, 219.446770812856, -0.000674526010902779, 1.91625,100.92399597168
0.194164155, 219.452338184548, -0.000832817560093271, 1.92125,107.379272460938
0.194832223333333, 219.458346121488, -0.000961005621303124, 1.92625,107.379272460938
0.195498348333333, 219.463600778762, -0.000749400750005228, 1.9325,106.656425476074
0.196164273333333, 219.469249081454, -0.000601115198251705, 1.94125,107.042472839355
0.196831361666667, 219.474078044192, -0.000326588487418808, 1.9475,115.080673217773
0.197497741666667, 219.479471709662, -0.000146537531190788, 1.9525,108.800811767578
0.198164223333333, 219.484565345297, -7.68255327557703E-05, 1.96125,108.800811767578
0.198830768333333, 219.490241549415, -0.000412849154643018, 1.96625,104.279289245605
0.199497695, 219.495385468343, -0.000209895848748391, 1.9725,103.380851745605
0.20016432, 219.50110794765, -0.000784252999390475, 1.98,115.288421630859
0.200830968333333, 219.506291913514, -0.000521911676513799, 1.9875,108.302665710449
0.201497625, 219.511094198182, -0.000229106883778449, 1.99375,108.302665710449
0.2021642, 219.51624342832, -0.000237932440476259, 2,105.526008605957
0.202831356666667, 219.521849677004, -0.000412361679105688, 2.0075,110.729370117188
0.203498196666667, 219.527397261823, 2.11090480756265E-05, 2.0125,108.620986938477
0.204165538333333, 219.532671273176, -0.000422768156443344, 2.01875,110.463218688965
0.204832193333333, 219.538584228751, -0.00101446743601147, 2.0275,110.463218688965
0.205498371666667, 219.543576576144, -0.000712028627197427, 2.035,109.224617004395
0.206164743333333, 219.549096312829, -0.000866024392174349, 2.03875,101.146286010742
0.20683123, 219.553264055122, -0.00107639932527029, 2.04625,113.593803405762
0.207497863333333, 219.558777924041, -0.000847716311762577, 2.0525,101.699760437012
0.208165551666667, 219.56344994676, -0.000515444001424246, 2.06,101.699760437012
0.20883219, 219.568382445977, -0.000617816859351285, 2.06625,128.91618347168
0.20949784, 219.573110364876, -0.000474415062283679, 2.07125,111.385627746582
0.210164578333333, 219.578543646726, -0.000471650701119631, 2.08,105.727783203125
0.210831096666667, 219.582897346973, -0.000126402542600799, 2.08625,107.376594543457
0.211497685, 219.588459332697, -0.000267998430389324, 2.09125,107.376594543457
0.212164231666667, 219.59337717327, -0.000239868843327201, 2.09875,105.265144348145
0.21283139, 219.598537339602, -0.000374002605913019, 2.10625,103.779907226563
0.213497451666667, 219.603762627366, -0.000486166972023598, 2.1125,107.996650695801
0.214168775, 219.609203369688, -0.000847482323513161, 2.11875,97.8772659301758
0.214835403333333, 219.61361368735, -0.00037995130713779, 2.12625,97.8772659301758
0.215500948333333, 219.618628535128, -0.000108224955654619, 2.13375,108.059379577637
0.216167525, 219.623737248733, 3.20839967621164E-05, 2.1375,113.367286682129
0.21683453, 219.629293267457, -0.000152198246908879, 2.145,107.185363769531
0.21750081, 219.634245827142, -0.000118691429925896, 2.15125,105.606262207031
0.218167456666667, 219.63974527864, -0.000609984252778464, 2.15875,105.606262207031
0.218834536666667, 219.645459979565, -0.000928151271563083, 2.165,103.506385803223
0.219501086666667, 219.650965631781, -0.00092049265622104, 2.1725,108.042854309082
0.220168778333333, 219.655710145694, -0.000634972997587559, 2.17875,105.045639038086
0.220833953333333, 219.661318376204, -0.000709363261043993, 2.185,102.780632019043
0.22150077, 219.666186486136, -0.000518655340102974, 2.1925,102.780632019043
0.222167415, 219.670779363296, -0.000352582181833135, 2.1975,105.872245788574
0.222835626666667, 219.675621010913, -0.000475935985904886, 2.205,104.722045898438
0.223501296666667, 219.681124172931, -0.000378431883419732, 2.21125,106.600448608398
0.224167461666667, 219.686004106894, -4.91924207986498E-05, 2.21875,114.422576904297
0.224833996666667, 219.69175248308, 0.000123756392189715, 2.225,114.422576904297
0.225500888333333, 219.69785750925, 0.000115818790908666, 2.23,130.715225219727
0.22616876, 219.7027466651, 0.000198319147016286, 2.2375,113.002639770508
0.226834516666667, 219.708266341907, 0.000306537211320509, 2.245,107.217407226563
0.227500731666667, 219.713662912425, 9.40458845302546E-05, 2.25,101.040733337402
0.22816754, 219.71880577563, 6.8122686626643E-05, 2.2575,101.040733337402
0.228835375, 219.723137211403, 0.000216435237040678, 2.26375,109.200630187988
0.229500801666667, 219.728687326102, 0.000214405838983005, 2.27125,108.410110473633
0.230167863333333, 219.733638916609, 0.000135527800946876, 2.2775,112.010368347168
0.230834475, 219.738863156706, -4.23287654753501E-05, 2.28375,111.152374267578
0.231501255, 219.743910904676, -0.000215577563365621, 2.29,111.152374267578
0.232167941666667, 219.749290930969, -0.000430017292295772, 2.2975,104.123870849609
0.232834506666667, 219.754270170752, -0.000249390364990631, 2.30375,109.718757629395
0.233500826666667, 219.759529649907, -0.000501571198238056, 2.31125,110.442565917969
0.234168008333333, 219.764400306027, -8.33037073586539E-05, 2.3175,102.19751739502
0.23483452, 219.769261439352, 0.000245305786928044, 2.3225,102.19751739502
0.235500863333333, 219.773806407005, 0.000339903035452094, 2.32875,106.184112548828
0.236167793333333, 219.778608292537, 0.000255943252666309, 2.33625,109.699104309082
0.236835488333333, 219.783672361451, 0.000228911610437403, 2.34375,105.135269165039
0.237500925, 219.788781073397, -0.000197822955143668, 2.34875,110.473991394043
0.238167556666667, 219.79338151426, -0.000661601160088226, 2.35625,110.473991394043
0.238835515, 219.799370342324, -0.000883143032300542, 2.3625,105.081596374512
0.239500816666667, 219.804273103424, -0.00107150207122223, 2.37,110.178146362305
0.240168741666667, 219.808808556651, -0.000756859875359129, 2.375,101.696342468262
0.240834513333333, 219.814011323617, -0.000468559356393164, 2.3825,133.162200927734
0.241501156666667, 219.818971154856, -5.66610701656009E-06, 2.39,133.162200927734
0.242168783333333, 219.823591330609, 0.000540160976641459, 2.395,112.00562286377
0.242835421666667, 219.828937075827, 0.000364893280185592, 2.40125,106.930931091309
0.243500896666667, 219.833791709385, 0.000655733171612609, 2.40875,102.754287719727
0.244167938333333, 219.838032176816, 0.000757284070796629, 2.41625,104.707565307617
0.244834481666667, 219.843136116638, 0.000441920411146781, 2.4225,104.707565307617
0.245500868333333, 219.848180894217, -0.000269358862014366, 2.4275,104.209907531738
0.246167458333333, 219.852732515262, 2.42273914413519E-05, 2.435,105.186820983887
0.246833973333333, 219.858130368181, -0.00026564204870547, 2.44125,105.122329711914
0.247501315, 219.863523911666, -0.000732013623368344, 2.4475,104.292724609375
0.248167833333333, 219.868752961868, -0.000522565643702398, 2.455,104.292724609375
0.248834565, 219.872883441312, -0.000128560934178406, 2.46125,107.069763183594
0.249501153333333, 219.878274130987, -0.000274763090574484, 2.4675,102.906478881836
0.250168818333333, 219.883047147576, -0.000679115780384404, 2.475,106.881942749023
0.250834656666667, 219.887875132556, -0.000413534620244085, 2.48125,108.913780212402
0.251501141666667, 219.892565943445, -0.000740408701677402, 2.4875,108.913780212402
0.252167571666667, 219.897653315674, -0.000717290362854219, 2.49375,105.862586975098
0.252833988333333, 219.902018081281, -0.000607434380804082, 2.50125,104.748718261719
0.253501173333333, 219.906368251327, -0.000472232671851857, 2.5075,108.379592895508
0.254167681666667, 219.911021333446, -0.000516495448579709, 2.51375,106.924903869629
0.254835526666667, 219.915590876451, -0.000435457519062823, 2.52,106.924903869629
0.255500828333333, 219.919938648114, -0.000849418726236578, 2.5275,112.2060546875
0.256167495, 219.924609193897, -0.000940819635283425, 2.5325,105.242370605469
0.256834063333333, 219.929101338176, -0.000827609821693742, 2.54,107.859100341797
0.257501383333333, 219.933832238768, -0.000817522828338997, 2.5475,132.615219116211
0.258167248333333, 219.938778251642, -0.00073859679270071, 2.55375,132.615219116211
0.258834478333333, 219.944563149372, -0.000575535483121456, 2.56,110.09196472168
0.259501286666667, 219.950234721827, -0.000490651746711978, 2.56625,112.470748901367
0.260167526666667, 219.955853455202, -0.000776948366335125, 2.57375,107.376205444336
0.260834013333333, 219.960886534713, -0.000673143080347927, 2.58,108.134101867676
0.261501318333333, 219.966428940082, -0.000726081421312008, 2.5875,108.134101867676
0.262168075, 219.970952064546, -0.000715205467572371, 2.5925,105.243240356445
0.262835488333333, 219.975922010358, -0.000592898610946635, 2.6,106.85327911377
0.263501245, 219.980974798427, -0.000418085391627463, 2.60625,108.090286254883
0.264167538333333, 219.986310499287, -0.000387738915914751, 2.6125,106.137542724609
0.264834473333333, 219.99107874963, -0.000291536748024166, 2.62,106.137542724609
0.265500915, 219.996306597122, -0.000453971089139095, 2.62625,110.323638916016
0.26616882, 220.001071632363, -0.000558806823382619, 2.6325,104.47208404541
0.266834605, 220.005441733079, -0.000364523082069118, 2.64,116.851257324219
0.267500833333333, 220.010349886918, -0.000502217665804639, 2.64625,113.566345214844
0.268167631666667, 220.01523429742, -0.000453708602389779, 2.6525,113.566345214844
0.268834465, 220.020292583909, -0.000146920012041143, 2.65875,105.880996704102
0.269500781666667, 220.025317349079, 0.00014922811276293, 2.6675,105.761711120605
0.270167971666667, 220.031371633568, -0.000165699068758046, 2.67125,99.7728424072266
0.270834481666667, 220.036345598001, -0.000145883564108459, 2.67875,108.356414794922
0.271501051666667, 220.041648918682, -6.03058875282228E-06, 2.68625,108.356414794922
0.272167478333333, 220.046533443082, -0.000183078695794168, 2.6925,107.111572265625
0.272835441666667, 220.051778980923, -0.000370800266716948, 2.69875,106.154457092285
0.273500753333333, 220.056704463001, -0.000228013438718441, 2.705,115.902610778809
0.274167948333333, 220.062058797609, -0.000273576650095204, 2.7125,124.802917480469
0.274834466666667, 220.06708217822, -0.000491305713815561, 2.71875,124.802917480469
0.275500925, 220.072353313816, -0.000467372915913884, 2.725,107.164733886719
0.276168731666667, 220.077214089142, -0.000537701383406165, 2.7325,105.509391784668
0.276834103333333, 220.082079111662, -0.000267948932799, 2.73875,109.711906433105
0.277500695, 220.087420495428, -0.000529564292136975, 2.745,106.246047973633
0.278167676666667, 220.092892148838, -0.000576076955852287, 2.75125,106.246047973633
0.278835608333333, 220.098313215769, -0.00068523397304549, 2.7575,105.186874389648
0.279500816666667, 220.103105049936, -0.00025638451371576, 2.765,107.570915222168
0.28016768, 220.108328192782, -0.000105148610129676, 2.77125,106.759216308594
0.280834413333333, 220.112615856058, 0.000317755147845343, 2.7775,109.630271911621
0.281501228333333, 220.117079243031, 0.000334461308718132, 2.78625,109.630271911621
0.282167793333333, 220.12167424785, 0.000482665864575133, 2.7925,108.03328704834
0.282834475, 220.126662133954, 1.17045204943967E-05, 2.7975,101.562065124512
0.283500758333333, 220.131480139798, -0.000251134777390431, 2.805,109.05980682373
0.28416741, 220.135970996307, -3.11783255699167E-05, 2.81375,109.44669342041
0.284835465, 220.140676554637, 0.000116982732436881, 2.8175,109.44669342041
0.285501191666667, 220.145775393205, 0.000254446327771792, 2.82375,109.194076538086
0.286167291666667, 220.15079597534, 0.000469087046614489, 2.83125,108.415992736816
0.286834273333333, 220.155880798082, 0.000175190308743534, 2.83875,108.736724853516
0.287500801666667, 220.161333825704, -0.000282123220854008, 2.845,101.475692749023
0.288168776666667, 220.16626377263, -0.000194841104941147, 2.85,101.475692749023
0.288834003333333, 220.171225502886, -0.000367987907950742, 2.8575,106.784324645996
0.289500866666667, 220.175858616018, -0.000352696176045274, 2.865,110.155151367188
0.290168735, 220.180503092245, 0.000170102564338774, 2.87,107.700942993164
0.290834028333333, 220.184650065855, 0.000930691860716153, 2.87875,131.774826049805
0.291500788333333, 220.18892938215, 0.00132719994451552, 2.88625,131.774826049805
0.292167435, 220.193323232622, 0.00200644832658279, 2.89,108.249931335449
0.292834613333333, 220.197863493547, 0.00250556175661295, 2.89625,108.426239013672
0.293501418333333, 220.201396975619, 0.00312406768968573, 2.905,104.476890563965
0.294167503333333, 220.20616364728, 0.00336846391394124, 2.91125,103.190002441406
0.294834555, 220.210968081037, 0.00388204261740315, 2.9175,103.190002441406
0.295500791666667, 220.214922346668, 0.00461159547273605, 2.92375,106.912734985352
0.296169015, 220.219556383636, 0.00497162538882073, 2.93125,106.722625732422
0.2968345, 220.224246725399, 0.00521249829003662, 2.9375,109.835006713867
0.297500823333333, 220.228313920685, 0.0056507777757262, 2.9425,107.881446838379
0.298167435, 220.232049402122, 0.00580125321753356, 2.95,107.881446838379
0.298835351666667, 220.237531041112, 0.0055666080035027, 2.95625,104.964500427246
0.299500856666667, 220.241180505096, 0.00621789628996542, 2.96375,102.532424926758
0.300168045, 220.245686885446, 0.00675924459859017, 2.97,106.310447692871
0.300834491666667, 220.250631384211, 0.00700056897707269, 2.9775,107.317085266113
0.301502163333333, 220.256143148375, 0.00743625209317389, 2.98375,107.317085266113
0.302169128333333, 220.259659870472, 0.00847586037473707, 2.99,105.430328369141
0.302833943333333, 220.265275029568, 0.00899818363897902, 2.99625,105.5087890625
0.30350125, 220.26957673864, 0.00957753553873411, 3.00375,109.275245666504
0.304335936666667, 220.273807309625, 0.0105024940790467, 3.01125,109.075950622559
0.305002025, 220.277830795242, 0.0115658356684809, 3.01125,111.878845214844
0.305667778333333, 220.282332250755, 0.0120182534440186, 3.01125,111.878845214844
0.306334653333333, 220.284920100068, 0.0125475348587999, 3.0125,106.557594299316
0.307001133333333, 220.287627711075, 0.0131291801433502, 3.0125,102.873672485352
0.307667681666667, 220.290348639417, 0.0134981691094258, 3.01625,136.763580322266
0.3083345, 220.291452277721, 0.0135265746826419, 3.02,110.581367492676
0.30900072, 220.291924370024, 0.0138612963699133, 3.02375,110.581367492676
0.309668788333333, 220.29362477682, 0.0140498174006706, 3.02875,105.402076721191
0.310334023333333, 220.295878596365, 0.014200946809624, 3.0325,106.559074401855
0.311002353333333, 220.297154474832, 0.0145047955476109, 3.0375,108.52326965332
0.311667486666667, 220.299738034983, 0.0148150399643373, 3.045,105.195510864258
0.312334126666667, 220.302503756883, 0.0152965187801828, 3.05125,105.195510864258
0.31300151, 220.304889206229, 0.0160114473700972, 3.05875,108.453170776367
0.313667286666667, 220.30776409142, 0.0168432770881103, 3.0675,108.14835357666
0.314334043333333, 220.312316775314, 0.0171602921648044, 3.075,107.682952880859
0.315001078333333, 220.316865537597, 0.0177848622933023, 3.085,111.279029846191
0.315667415, 220.32137286919, 0.0186275469661346, 3.095,111.279029846191
0.316334138333333, 220.327096484216, 0.0194712605872564, 3.105,107.276062011719
0.317000658333333, 220.332801194813, 0.0202527843321433, 3.115,112.719947814941
0.317668876666667, 220.337328352607, 0.0219261677798399, 3.12625,106.138069152832
0.318333968333333, 220.343701073387, 0.0231001468121296, 3.1375,106.677238464355
0.319001346666667, 220.350277464806, 0.0241885776413504, 3.14875,106.677238464355
0.319667331666667, 220.356304348758, 0.0256108767007722, 3.16125,103.380218505859
0.3203344, 220.362669710687, 0.027068815470061, 3.17375,103.969589233398
0.321001005, 220.370015181515, 0.0282322140337611, 3.18625,104.340156555176
0.321667901666667, 220.376086390694, 0.0299208172169918, 3.2,101.269340515137
0.322335501666667, 220.382766218691, 0.0318990273535138, 3.21375,101.269340515137
0.323002438333333, 220.390058963028, 0.033692928247768, 3.22625,109.825668334961
0.323668138333333, 220.397737253129, 0.0354780455831652, 3.24125,130.518447875977
0.324333975, 220.404355426616, 0.0376197970052243, 3.25375,107.537948608398
0.325000923333333, 220.412574067008, 0.0396257677473839, 3.27,105.422996520996
0.325667551666667, 220.420451197068, 0.0414728904683357, 3.28625,105.422996520996
0.326334216666667, 220.42823837072, 0.0436540479110972, 3.30125,104.378463745117
0.32700086, 220.43611201759, 0.0459095266207501, 3.31625,103.62727355957
0.3276673, 220.445754723754, 0.0478772387846096, 3.3325,100.562660217285
0.328334015, 220.454135030713, 0.0504088176260494, 3.3475,111.796127319336
0.329000825, 220.463161190043, 0.0530044042524623, 3.365,111.796127319336
0.329668008333333, 220.472914908882, 0.0556670090125718, 3.38125,110.308212280273
0.330334068333333, 220.482503048655, 0.0584435495498309, 3.3975,101.517402648926
0.33100162, 220.491530075383, 0.0613509060163433, 3.415,106.282402038574
0.331667318333333, 220.50119572872, 0.0640231432926708, 3.43125,107.476203918457
0.332334296666667, 220.511083170372, 0.0667809437712263, 3.44875,107.476203918457
0.333000766666667, 220.519908642122, 0.0696783482376227, 3.46625,102.692558288574
0.333667516666667, 220.529219610761, 0.0724452967566864, 3.4825,105.307205200195
0.33433397, 220.538719025112, 0.075473758640165, 3.49875,110.680282592773
0.335000675, 220.547919002225, 0.0782835240085768, 3.51625,112.503082275391
0.335667455, 220.556513502452, 0.0813332908219561, 3.535,112.503082275391
0.336333976666667, 220.565997199369, 0.0844029946339255, 3.5525,111.263885498047
0.337000836666667, 220.575418129534, 0.0874612900189283, 3.56875,106.569816589355
0.337667703333333, 220.584176341849, 0.0909988968286526, 3.5875,103.161079406738
0.338335763333333, 220.592975569993, 0.0948319497984114, 3.605,104.543807983398
0.339000623333333, 220.60314566853, 0.0984082081666933, 3.6225,104.543807983398
0.339667598333333, 220.613456511852, 0.101299258952212, 3.64,102.794525146484
0.340334006666667, 220.62324806258, 0.104427782309772, 3.6575,130.634063720703
0.341000828333333, 220.634096428761, 0.107206134755987, 3.675,107.001510620117
0.341667456666667, 220.643875348277, 0.110570585763113, 3.6925,107.783203125
0.34233402, 220.653683172128, 0.11403266536647, 3.71,107.783203125
0.34300087, 220.662230579251, 0.118126460739416, 3.72875,110.963165283203
0.343667436666667, 220.671353299469, 0.122135121888555, 3.74625,103.103385925293
0.344333931666667, 220.679934147716, 0.126036242939305, 3.7625,108.616744995117
0.34500115, 220.689456211933, 0.129878223460621, 3.78125,113.527725219727
0.345667691666667, 220.698486362869, 0.133159997120539, 3.7975,113.527725219727
0.34633398, 220.708073689859, 0.137009735252144, 3.815,108.585510253906
0.347000611666667, 220.716965278372, 0.140764984129888, 3.83125,105.646751403809
0.347667595, 220.727100110422, 0.144308436146011, 3.84875,109.751434326172
0.34833439, 220.736035336946, 0.147746614449879, 3.865,111.011276245117
0.349000826666667, 220.744911698019, 0.151997898912289, 3.88125,111.011276245117
0.349667953333333, 220.754325118351, 0.15527886861262, 3.8975,108.117263793945
0.350334003333333, 220.763090519012, 0.159127127818572, 3.915,103.481559753418
0.351000783333333, 220.771836900599, 0.162741074793775, 3.93125,102.081962585449
0.351669693333333, 220.780573629915, 0.166533875785319, 3.9475,104.053657531738
0.352333961666667, 220.789500172367, 0.170138355236094, 3.96375,104.053657531738
0.353001235, 220.798397786553, 0.173984486048914, 3.98,104.684364318848
0.353667855, 220.806766207661, 0.178041024793167, 3.99625,112.771003723145
0.354334005, 220.814763963493, 0.182135834115157, 4.01125,103.001197814941
0.355000808333333, 220.823574026923, 0.185940211525265, 4.0275,105.47428894043
0.355667715, 220.83167935787, 0.189673907985561, 4.045,105.47428894043
0.356334173333333, 220.840045243298, 0.19331881640563, 4.06,103.800239562988
0.35700119, 220.848825852263, 0.196497774729879, 4.075,126.141914367676
0.357667595, 220.857180696212, 0.19969141281677, 4.09125,107.827621459961
0.358333973333333, 220.865262547453, 0.203401860444841, 4.10625,109.996444702148
0.359001038333333, 220.873548559703, 0.206916332416574, 4.1225,109.996444702148
0.35966746, 220.880646851051, 0.211150093259141, 4.1375,102.959655761719
0.360334633333333, 220.888391276029, 0.215166387524865, 4.15375,106.197631835938
0.361002226666667, 220.896071309245, 0.219442327748845, 4.16875,112.15421295166
0.361667416666667, 220.903829836586, 0.223461237883196, 4.185,112.197441101074
0.362334161666667, 220.911139301672, 0.227421689953759, 4.2,112.197441101074
0.363002476666667, 220.919095663084, 0.230953601549504, 4.215,107.810981750488
0.3636675, 220.926626758869, 0.23437246382357, 4.22875,104.115776062012
0.364334526666667, 220.934002101846, 0.23823443384083, 4.24375,106.195259094238
0.365001416666667, 220.941758037116, 0.241984837961923, 4.25875,107.508308410645
0.365668796666667, 220.949184356049, 0.246215555457388, 4.2725,107.508308410645
0.366334691666667, 220.956716995937, 0.250194450601643, 4.29125,102.422500610352
0.367001563333333, 220.963670039772, 0.254719411317579, 4.30375,105.863098144531
0.367667298333333, 220.970660125805, 0.258867796448469, 4.31875,106.780456542969
0.368334545, 220.977890440469, 0.262432524895887, 4.3325,82.8114776611328
0.369000691666667, 220.985425307211, 0.265930146713961, 4.34625,82.8114776611328
0.369667275, 220.992915718237, 0.269060423483404, 4.36125,103.883995056152
0.3703341, 221.001324381778, 0.272007397459938, 4.37375,101.62572479248
0.37100147, 221.008277909967, 0.275812310343143, 4.38875,108.663421630859
0.371668073333333, 221.016274409627, 0.279525307843103, 4.4025,105.524871826172
0.372334008333333, 221.023700178893, 0.283266590922369, 4.4175,105.524871826172
0.373001388333333, 221.031337459149, 0.287339861326274, 4.43125,107.676414489746
0.37366743, 221.038875269272, 0.290996989632539, 4.445,127.707916259766
0.374335401666667, 221.046135659947, 0.294817915711415, 4.46,106.269958496094
0.375000646666667, 221.052503227813, 0.298671739637902, 4.47375,113.697143554688
0.375667626666667, 221.060208731291, 0.302153448755262, 4.48625,113.697143554688
0.37633398, 221.066155236909, 0.305993954850613, 4.5,108.869163513184
0.377000921666667, 221.072920717676, 0.309767880790215, 4.51375,108.64786529541
0.377667513333333, 221.079365354167, 0.313434029643351, 4.52625,106.924003601074
0.378334411666667, 221.085636801968, 0.317185905190559, 4.54,107.044395446777
0.379001416666667, 221.091905506069, 0.320597233343094, 4.5525,107.044395446777
0.379667438333333, 221.098360567993, 0.324324393131756, 4.56625,103.224060058594
0.380334098333333, 221.104807928658, 0.327990597482138, 4.58,107.669036865234
0.381001051666667, 221.111859636669, 0.331213818583072, 4.59375,105.144599914551
0.381669073333333, 221.118698806573, 0.334601750910748, 4.60625,105.174652099609
0.382334253333333, 221.124279960526, 0.338563263428118, 4.61875,105.174652099609
0.383001106666667, 221.130451233416, 0.341837793951838, 4.63125,106.978164672852
0.38366749, 221.135904682118, 0.345681053908883, 4.645,101.444023132324
0.384334118333333, 221.141831524689, 0.349378303699834, 4.6575,114.563926696777
0.385001566666667, 221.147422793135, 0.352595891083795, 4.67,109.982902526855
0.385667553333333, 221.153711941955, 0.355957381239639, 4.6825,109.982902526855
0.386334541666667, 221.158901118999, 0.35993285655566, 4.69625,108.30143737793
0.387001096666667, 221.165839794177, 0.362806934193741, 4.70875,108.655868530273
0.387668728333333, 221.171519545913, 0.36661197757039, 4.7225,101.892730712891
0.388335808333333, 221.177358036965, 0.370446026490123, 4.735,100.728569030762
0.389001495, 221.184084715733, 0.373610777527959, 4.74625,100.728569030762
0.38966759, 221.190738504003, 0.377434274477644, 4.76,104.662200927734
0.390333948333333, 221.196306686442, 0.381270249300629, 4.77125,127.076026916504
0.391001081666667, 221.203310484017, 0.383991600110012, 4.785,109.481948852539
0.39166746, 221.209152185466, 0.387672107741926, 4.79625,108.457717895508
0.392334198333333, 221.214534086748, 0.391938323954364, 4.80875,108.457717895508
0.393000881666667, 221.220839782805, 0.395221524042643, 4.82125,105.120712280273
0.393667533333333, 221.225460640332, 0.399819972067375, 4.8325,111.326026916504
0.394334276666667, 221.23270168793, 0.402718550974771, 4.845,110.260093688965
0.395000601666667, 221.238285227221, 0.406773373805251, 4.8575,104.38493347168
0.395667446666667, 221.244920366106, 0.409824564047123, 4.87,104.38493347168
0.396334581666667, 221.251022796515, 0.413230678461561, 4.88125,104.046867370605
0.397001428333333, 221.257365808941, 0.416304444069537, 4.89375,107.321838378906
0.397667563333333, 221.262396724982, 0.420229835401201, 4.905,106.228149414063
0.398335948333333, 221.268389302828, 0.423756152278008, 4.9175,107.363319396973
0.399000796666667, 221.273833060953, 0.427274936533122, 4.93,107.363319396973
0.399668141666667, 221.278985742212, 0.431144907148531, 4.94125,101.018112182617
0.400333995, 221.284921631165, 0.434530175609999, 4.9525,101.689498901367
0.40100079, 221.289673049999, 0.439168226145551, 4.96375,109.063613891602
0.401668015, 221.295612720715, 0.442345251066883, 4.97625,107.476402282715
0.40233391, 221.300549809557, 0.446547676983407, 4.9875,107.476402282715
0.403001856666667, 221.306498331929, 0.450090550028562, 4.99875,110.206169128418
0.403668406666667, 221.311852247139, 0.453801500131414, 5.01,105.682830810547
0.404333981666667, 221.317869919154, 0.45659678522715, 5.02125,99.400749206543
0.405001308333333, 221.321235791008, 0.460268011325283, 5.0325,109.176704406738
0.405667663333333, 221.32476452742, 0.463607359593324, 5.045,109.176704406738
0.4063342, 221.327813100926, 0.467008264769416, 5.05625,126.152694702148
0.407001181666667, 221.331607920451, 0.470484883142502, 5.0675,106.516967773438
0.407668066666667, 221.334555094456, 0.474704082716497, 5.07875,109.65185546875
0.408333985, 221.340440280545, 0.478284456878043, 5.09,109.876564025879
0.409002451666667, 221.346199568662, 0.481714282101464, 5.10125,109.876564025879
0.409667471666667, 221.353119108359, 0.484957288708645, 5.1125,103.018211364746
0.410334053333333, 221.3592068897, 0.4880044126548, 5.1225,108.787673950195
0.411000845, 221.364374903706, 0.491610882505577, 5.135,113.407722473145
0.4116678, 221.370635954035, 0.49469833792592, 5.145,103.438659667969
0.412333975, 221.376038042861, 0.498412434870701, 5.15625,103.438659667969
0.413002278333333, 221.381009168414, 0.502011163610273, 5.1675,108.277236938477
0.413667621666667, 221.386538240298, 0.505887030429531, 5.18,103.577354431152
0.414335843333333, 221.392170058317, 0.509412372355242, 5.19,111.274772644043
0.415000906666667, 221.397404625576, 0.512768362287363, 5.2,111.78214263916
0.415667535, 221.402671673684, 0.516138847491384, 5.2125,111.78214263916
0.416335446666667, 221.407971976874, 0.519674345407036, 5.2225,108.109405517578
0.417000766666667, 221.413050847474, 0.523169769835498, 5.2325,103.855308532715
0.417667921666667, 221.41809700722, 0.526611780446897, 5.245,108.08674621582
0.418333973333333, 221.422425857075, 0.530504783905417, 5.255,104.904403686523
0.419000853333333, 221.427335040045, 0.533973104695279, 5.26625,104.904403686523
0.419667788333333, 221.431818870405, 0.537479429076229, 5.27625,109.463912963867
0.42033542, 221.436607484176, 0.541125744425644, 5.2875,106.241973876953
0.421001036666667, 221.441801867041, 0.544532460309874, 5.2975,105.512809753418
0.42166856, 221.447416679934, 0.548020947586781, 5.30875,109.11548614502
0.422334258333333, 221.452494803722, 0.551630771269076, 5.32,109.11548614502
0.42300139, 221.458130229612, 0.55500626472155, 5.33,121.909004211426
0.42366763, 221.46292790086, 0.558388789820817, 5.34,112.296569824219
0.424334005, 221.467362270184, 0.561970060937284, 5.35,105.142738342285
0.425001166666667, 221.472420150491, 0.564975962453966, 5.36125,111.458587646484
0.42566816, 221.478020748571, 0.568386504645986, 5.37125,111.458587646484
0.42633397, 221.482941182967, 0.571498647326311, 5.3825,106.369071960449
0.427000798333333, 221.488785215103, 0.57413601135429, 5.39375,104.989639282227
0.427668416666667, 221.494325090064, 0.577578468943225, 5.405,112.37850189209
0.428333993333333, 221.499424144318, 0.580662789521034, 5.415,108.196510314941
0.429001471666667, 221.504690613798, 0.583723648277309, 5.42625,108.196510314941
0.429667531666667, 221.5094971363, 0.587367527749025, 5.43625,112.888145446777
0.430333931666667, 221.514391758607, 0.591596479833148, 5.44625,109.336540222168
0.431000863333333, 221.520079104574, 0.594532171376409, 5.4575,106.200729370117
0.43166765, 221.524426087058, 0.599197816025926, 5.4675,107.139183044434
0.432334066666667, 221.529884804339, 0.602488925216923, 5.47875,107.139183044434
0.433001243333333, 221.535210325192, 0.606259890305285, 5.48875,109.221580505371
0.433667456666667, 221.540202086173, 0.609910397944087, 5.49875,109.802772521973
0.434333955, 221.546228194363, 0.613470581619777, 5.50875,112.946319580078
0.43500123, 221.552496909632, 0.616223180359651, 5.52,110.063179016113
0.435668041666667, 221.557552414603, 0.620114824886407, 5.53,110.063179016113
0.436334028333333, 221.562548136236, 0.624000285223763, 5.54,103.677513122559
0.437000835, 221.568127463732, 0.626907452699801, 5.55,109.438285827637
0.437668103333333, 221.573455678483, 0.630285266535709, 5.56,105.378074645996
0.438334281666667, 221.577479910655, 0.634509162373819, 5.57,112.185989379883
0.439001285, 221.582759275961, 0.637774550856728, 5.57875,112.185989379883
0.439667373333333, 221.588008488564, 0.64078991989788, 5.59,130.466018676758
0.44033394, 221.592340816188, 0.644865126704444, 5.6,101.761131286621
0.441000841666667, 221.597794825264, 0.647540531821643, 5.61,111.860229492188
0.441667665, 221.602230019774, 0.651041832954916, 5.62,111.049263000488
0.442334031666667, 221.606335566684, 0.654588299819578, 5.63,111.049263000488
0.443001071666667, 221.612020657892, 0.65757751317448, 5.64,112.160415649414
0.443667436666667, 221.617114620845, 0.660566102560746, 5.65,104.265151977539
0.444334228333333, 221.62059797255, 0.66438548071734, 5.65875,104.007820129395
0.445000585, 221.625694864517, 0.667793989011486, 5.67,108.884918212891
0.44566746, 221.631179287237, 0.671024772732537, 5.68,108.884918212891
0.446334273333333, 221.635813837027, 0.674337111857151, 5.69,108.707748413086
0.447001368333333, 221.640478534457, 0.677954250672036, 5.7,106.443397521973
0.447668991666667, 221.645676697248, 0.681352487482105, 5.71,107.834121704102
0.448334816666667, 221.651294061129, 0.684306044628015, 5.72,107.215469360352
0.449000765, 221.655039716363, 0.687757597760125, 5.73,107.215469360352
0.449667471666667, 221.658750570301, 0.691572804626273, 5.74,113.872764587402
0.45033417, 221.663592466892, 0.694418803674679, 5.75,108.124130249023
0.451002496666667, 221.667138789394, 0.697809551360991, 5.76,105.309852600098
0.451667553333333, 221.670613100345, 0.700985944814022, 5.77,107.498748779297
0.452334048333333, 221.673638630053, 0.704327245983933, 5.78,107.498748779297
0.453001108333333, 221.676965783628, 0.70780884860666, 5.79,100.043998718262
0.453668, 221.680271303158, 0.710765449099715, 5.8,104.445709228516
0.45433447, 221.682946363394, 0.714705565191775, 5.81,108.270645141602
0.455002303333333, 221.687471848288, 0.717642210687169, 5.81875,108.150016784668
0.455667925, 221.691995876762, 0.720772115475295, 5.82875,108.150016784668
0.456334568333333, 221.696204454209, 0.72392280471947, 5.84,125.765602111816
0.45700223, 221.700304144116, 0.727921063891087, 5.85,106.27001953125
0.457667658333333, 221.705201308735, 0.731278523749401, 5.86125,106.766693115234
0.458333965, 221.70926177983, 0.735312476628142, 5.87,107.017936706543
0.459000833333333, 221.713816372551, 0.73939121425741, 5.88,107.017936706543
0.459667453333333, 221.718195262043, 0.74290949753771, 5.89,106.673759460449
0.460334043333333, 221.722611468705, 0.746421544131237, 5.9,106.584693908691
0.46100145, 221.726498691594, 0.750147028504, 5.90875,108.617652893066
0.461667465, 221.731101210112, 0.753081886089165, 5.91875,107.697731018066
0.462334095, 221.735171104601, 0.756338239025939, 5.92875,107.697731018066
0.463001328333333, 221.739567057176, 0.759970900561109, 5.93875,107.508987426758
0.463668753333333, 221.745012936439, 0.763039062450558, 5.94875,106.204284667969
0.464334615, 221.749466754324, 0.766433252463907, 5.95875,103.084579467773
0.465001485, 221.753392894936, 0.770408217805546, 5.96875,109.299652099609
0.465667541666667, 221.758298974329, 0.773907170056821, 5.9775,109.299652099609
0.466334001666667, 221.762863712505, 0.777118538753144, 5.9875,105.45849609375
0.467001011666667, 221.766823433657, 0.780912724175146, 5.99625,108.388534545898
0.467667271666667, 221.771511576753, 0.784046567765457, 6.00625,106.284378051758
0.468334568333333, 221.775575231109, 0.787618968327473, 6.01625,108.767295837402
0.469000681666667, 221.78027942573, 0.790835535762649, 6.025,108.767295837402
0.469668076666667, 221.783848006342, 0.794423196558157, 6.035,109.635467529297
0.470334546666667, 221.788388754987, 0.797495088760234, 6.045,106.458702087402
0.471000793333333, 221.792374627882, 0.801091092136719, 6.05375,110.735946655273
0.471668018333333, 221.796797530317, 0.804298715521169, 6.06375,105.503479003906
0.472333956666667, 221.801037567135, 0.807648816749064, 6.07375,105.503479003906
0.473001063333333, 221.805886724925, 0.811086479078852, 6.0825,127.838447570801
0.47366752, 221.810069181389, 0.814495368353882, 6.09375,104.820816040039
0.474334118333333, 221.815079962944, 0.81808168671688, 6.10125,104.422332763672
0.47500085, 221.818903720111, 0.821725224205768, 6.11125,105.18440246582
0.47566802, 221.823147581437, 0.825491593524972, 6.12,105.18440246582
0.47633417, 221.827169276833, 0.829435198441811, 6.13,104.744476318359
0.47700084, 221.830777629777, 0.83335828288936, 6.14,105.499710083008
0.477667458333333, 221.835484319621, 0.83661118599939, 6.1475,109.778923034668
0.47833452, 221.839776183097, 0.84011212265097, 6.15875,116.976203918457
0.47900089, 221.844804559155, 0.842878327207423, 6.16625,116.976203918457
0.479667926666667, 221.851095600488, 0.844652795077729, 6.175,106.378204345703
0.480334343333333, 221.855885962097, 0.847321066553212, 6.18625,110.370933532715
0.481000646666667, 221.861437535068, 0.849629528601582, 6.195,110.842056274414
0.481668028333333, 221.866506652225, 0.852679703394484, 6.205,107.913932800293
0.482333961666667, 221.871390227268, 0.855858258238962, 6.215,107.913932800293
0.483001296666667, 221.875185975533, 0.85968088973214, 6.22375,103.276947021484
0.483667575, 221.878942143908, 0.863975201033357, 6.235,104.792198181152
0.484334271666667, 221.882941958138, 0.867650040450015, 6.245,114.942558288574
0.485000851666667, 221.887657300954, 0.870988989738058, 6.255,112.514427185059
0.485667391666667, 221.890486871296, 0.875115669459232, 6.26375,112.514427185059
0.48633411, 221.894315491192, 0.879344098069696, 6.2725,103.356292724609
0.48700099, 221.898688530869, 0.882537880149351, 6.2825,111.341468811035
0.48766735, 221.901483147878, 0.887170622451548, 6.29125,105.945755004883
0.488333953333333, 221.905975678837, 0.890548251796755, 6.3,127.971488952637
0.48900223, 221.90987583392, 0.894302755211964, 6.30875,127.971488952637
0.489667915, 221.914121412517, 0.897422279021532, 6.3175,105.77799987793
0.490334591666667, 221.917585584999, 0.901298786308595, 6.3275,103.462280273438
0.491001165, 221.92240135189, 0.903999858136561, 6.33625,104.97639465332
0.491667511666667, 221.925739581821, 0.907754147062496, 6.345,104.607391357422
0.492333995, 221.930093029239, 0.910600881074008, 6.35375,104.607391357422
0.493000801666667, 221.934287007486, 0.913856037070917, 6.36375,107.473258972168
0.49366738, 221.938933955869, 0.916714447995928, 6.37125,103.296417236328
0.494335458333333, 221.942607204394, 0.920291730812726, 6.38125,102.378860473633
0.495002991666667, 221.946519071127, 0.923592145536315, 6.39,109.420600891113
0.495669463333333, 221.950562835654, 0.927054013650311, 6.39875,109.420600891113
0.496335481666667, 221.954052033186, 0.930468988119729, 6.40875,100.579200744629
0.497000681666667, 221.958730438399, 0.933769407343112, 6.41625,104.356536865234
0.497668188333333, 221.961294391644, 0.937949773867697, 6.42625,106.303733825684
0.498334138333333, 221.966690306302, 0.940967565287164, 6.435,111.39680480957
0.499002205, 221.969277585124, 0.944998645810185, 6.44375,111.39680480957
0.499667695, 221.974203876941, 0.948379649985894, 6.45125,107.273101806641
0.500333941666667, 221.977178869744, 0.95189562038234, 6.46125,107.008476257324
0.501001041666667, 221.981144332559, 0.955587854425257, 6.46875,103.874092102051
0.501667921666667, 221.984875818097, 0.958613907429783, 6.47875,107.650970458984
0.502334511666667, 221.9897272138, 0.962078341914836, 6.4875,107.650970458984
0.503000808333333, 221.993086512731, 0.965496086745073, 6.49625,110.814208984375
0.503667478333333, 221.997805833322, 0.968894493046685, 6.50375,103.591682434082
0.50443972, 222.003959333251, 0.973488544792247, 6.515,105.960952758789
0.505168056666667, 222.006816609263, 0.977189740885025, 6.52375,127.113105773926
0.505833935, 222.010962473332, 0.979886399934652, 6.53375,106.085403442383
0.506500596666667, 222.014546529907, 0.983804774618768, 6.54125,106.085403442383
0.507167545, 222.017989084365, 0.987218279161973, 6.55125,101.670051574707
0.507834096666667, 222.023087076912, 0.989892557835753, 6.55875,114.031440734863
0.508501455, 222.028057877201, 0.993240590667577, 6.5675,110.325477600098
0.509167895, 222.032265604953, 0.996864875123531, 6.57625,106.059844970703
0.509834378333333, 222.036602196275, 0.999876032376236, 6.58625,106.059844970703
0.510500675, 222.04075704544, 1.00352005584074, 6.595,103.704513549805
0.51116793, 222.044262648916, 1.00733317481173, 6.60375,112.142807006836
0.511834096666667, 222.047293046177, 1.01107877617406, 6.61125,107.914978027344
0.512500858333333, 222.050567548972, 1.014637083444, 6.62,103.885215759277
0.513168995, 222.054735455492, 1.01772494684382, 6.62875,103.885215759277
0.513834396666667, 222.057957025948, 1.02159478696579, 6.6375,108.98681640625
0.514501496666667, 222.062348779162, 1.02457263839144, 6.64625,105.537460327148
0.515167633333333, 222.066729182849, 1.02751255222266, 6.65375,107.105361938477
0.51583461, 222.070958653437, 1.03069397342317, 6.6625,108.359588623047
0.516501398333333, 222.074869797523, 1.03442994526921, 6.67125,108.359588623047
0.517167451666667, 222.078603130423, 1.03767132745796, 6.68,107.096801757813
0.517834113333333, 222.082325619198, 1.04119550544214, 6.68875,107.000900268555
0.518501413333333, 222.085768539509, 1.04500814893702, 6.6975,106.346984863281
0.519168635, 222.089069087618, 1.048807989075, 6.70625,104.196220397949
0.519835613333333, 222.0934872118, 1.05173648397974, 6.71375,104.196220397949
0.520501175, 222.097380810099, 1.05552911997958, 6.7225,104.349761962891
0.521167848333333, 222.100738038471, 1.05945188044343, 6.73125,105.139945983887
0.52183444, 222.10566504553, 1.06247071431057, 6.74,131.742935180664
0.522501351666667, 222.110637507957, 1.06557202453497, 6.74875,108.371810913086
0.523167931666667, 222.114514813521, 1.06958379052813, 6.75625,108.371810913086
0.523834521666667, 222.119842222672, 1.07253811713537, 6.765,114.957878112793
0.524501043333333, 222.124159757041, 1.07550236724415, 6.77375,110.46215057373
0.525167588333333, 222.127937008241, 1.07905863161668, 6.7825,107.71558380127
0.525834053333333, 222.131315481513, 1.08241747890527, 6.79125,104.634017944336
0.526501453333333, 222.134623729567, 1.08600296930977, 6.79875,104.634017944336
0.527168818333333, 222.137438880854, 1.08943610786679, 6.8075,107.315605163574
0.527834515, 222.141185503239, 1.09311064579858, 6.815,105.855628967285
0.528500833333333, 222.145349401281, 1.09667539074517, 6.825,110.256576538086
0.529167708333333, 222.149368306506, 1.10035457994332, 6.8325,107.880226135254
0.529836105, 222.153009959512, 1.10360158234977, 6.84,107.880226135254
0.530501273333333, 222.157241989705, 1.10681627337915, 6.84875,103.973136901855
0.531167493333333, 222.160423733622, 1.1102335532327, 6.85625,108.823776245117
0.531833923333333, 222.163910902821, 1.11344610986936, 6.86625,108.243545532227
0.532501123333333, 222.167582829301, 1.11686738852209, 6.8725,104.689628601074
0.533167516666667, 222.171725483794, 1.12004526540061, 6.8825,104.689628601074
0.533834116666667, 222.174679080155, 1.12401108270174, 6.88875,107.935600280762
0.534500906666667, 222.178760334611, 1.12743738460214, 6.89875,105.569221496582
0.535168268333333, 222.183525716165, 1.13045564699796, 6.905,107.176231384277
0.535833981666667, 222.186436591519, 1.13416913497332, 6.915,102.985374450684
0.536501126666667, 222.190025248572, 1.13763045111501, 6.9225,102.985374450684
0.53716746, 222.19378532292, 1.14118298817477, 6.93125,105.14527130127
0.537834023333333, 222.197465228803, 1.14441048106119, 6.93875,106.777824401855
0.538501123333333, 222.200475652016, 1.14771407862492, 6.94625,122.98649597168
0.539167581666667, 222.203684253698, 1.15135850406925, 6.955,109.403900146484
0.539834036666667, 222.207322993744, 1.15468183164197, 6.9625,109.403900146484
0.540501215, 222.212017212952, 1.15715522690592, 6.97125,110.651901245117
0.541167805, 222.215149222474, 1.16088374862615, 6.97875,103.612869262695
0.541834568333333, 222.218240594763, 1.16454711961885, 6.9875,107.265296936035
0.542502138333333, 222.222628907739, 1.16755361960547, 6.995,107.388946533203
0.54316743, 222.225470893464, 1.17126576964804, 7.00375,107.388946533203
0.543833925, 222.229458937728, 1.17409177920052, 7.01125,110.465766906738
0.544500951666667, 222.232840329705, 1.17742820861516, 7.02,101.157165527344
0.545167568333333, 222.235997271344, 1.18131646031232, 7.0275,104.60676574707
0.545834503333333, 222.240218708586, 1.18417535271313, 7.03625,102.220962524414
0.546500993333333, 222.24405126297, 1.18756542693326, 7.0425,102.220962524414
0.547167485, 222.247251904278, 1.19113642506572, 7.05125,104.615127563477
0.547834, 222.251395299046, 1.193940379726, 7.06,111.31298828125
0.548501556666667, 222.255171351948, 1.19657043912084, 7.0675,143.66877746582
0.54916791, 222.258991922328, 1.19933503575801, 7.07625,108.815185546875
0.549833995, 222.262760711907, 1.20223583905368, 7.085,108.815185546875
0.550501035, 222.266592699888, 1.20552214698585, 7.09375,104.359176635742
0.551167473333333, 222.271224370607, 1.20804323685413, 7.10125,104.142799377441
0.551834028333333, 222.274957350616, 1.21128443905194, 7.1125,107.150093078613
0.552670228333333, 222.278151666335, 1.21535743796944, 7.12125,108.899101257324
0.553335836666667, 222.282670394501, 1.21863354191418, 7.13,105.185943603516
0.554002313333333, 222.285901217422, 1.22228394605815, 7.13875,105.185943603516
0.554669676666667, 222.290188045404, 1.2261132882143, 7.1475,109.334335327148
0.55533543, 222.294937620499, 1.22935628432197, 7.15625,125.541259765625
0.556002391666667, 222.298579116303, 1.23322562496902, 7.16375,105.890968322754
0.556668093333333, 222.302117770738, 1.23669135538897, 7.1725,110.537185668945
0.55733401, 222.306158754775, 1.24052399887926, 7.18125,110.537185668945
0.558002275, 222.30870451372, 1.24456255802663, 7.18875,112.175682067871
0.558667448333333, 222.311506870864, 1.24883382298544, 7.1975,112.432563781738
0.559335488333333, 222.31519826277, 1.25183331232424, 7.205,102.345054626465
0.56000091, 222.319191504914, 1.25519343304889, 7.2125,105.448837280273
0.560667486666667, 222.322670055449, 1.25838436377179, 7.22125,105.448837280273
0.561334633333333, 222.326140246387, 1.26187449196631, 7.22875,101.331832885742
0.562000856666667, 222.330339189786, 1.2647104655183, 7.23625,107.492477416992
0.562667466666667, 222.334053831334, 1.26822507998288, 7.245,106.165908813477
0.563335505, 222.336762243354, 1.27235015028489, 7.2525,108.031776428223
0.564001261666667, 222.34062917409, 1.27562331137739, 7.26125,108.031776428223
0.564667468333333, 222.344347376054, 1.27924229359969, 7.26875,109.326316833496
0.565334108333333, 222.347886663548, 1.28266614912299, 7.27625,105.441474914551
0.566001083333333, 222.350741452182, 1.28641420736191, 7.28375,108.964241027832
